{"cameraMode":{"drawMode":0,"name":"Shaded","section":"Shading Mode"},"sceneLighting":true,"audioPlay":false,"sceneViewState":{"showFog":false,"showMaterialUpdate":false,"showSkybox":false,"showFlares":false,"showImageEffects":false,"showParticleSystems":false},"in2DMode":false,"pivot":{"x":-4.913677215576172,"y":8.788734436035157,"z":11.647050857543946},"rotation":{"x":-0.5588470101356506,"y":-0.2840101420879364,"z":0.21173520386219026,"w":-0.7498331665992737},"size":3.7032406330108644,"orthographic":false}