{"cameraMode":{"drawMode":0,"name":"Shaded","section":"Shading Mode"},"sceneLighting":true,"audioPlay":false,"sceneViewState":{"showFog":false,"showMaterialUpdate":false,"showSkybox":false,"showFlares":false,"showImageEffects":false,"showParticleSystems":false},"in2DMode":false,"pivot":{"x":5.451494216918945,"y":3.159031629562378,"z":4.328232288360596},"rotation":{"x":-0.37523403763771059,"y":0.1270734965801239,"z":-0.05195225402712822,"w":-0.9167414903640747},"size":15.366690635681153,"orthographic":false}