{"cameraMode":{"drawMode":0,"name":"Shaded","section":"Shading Mode"},"sceneLighting":true,"audioPlay":false,"sceneViewState":{"showFog":false,"showMaterialUpdate":false,"showSkybox":false,"showFlares":false,"showImageEffects":false,"showParticleSystems":false},"in2DMode":false,"pivot":{"x":1.1066423654556275,"y":2.335850238800049,"z":-1.2451446056365967},"rotation":{"x":0.1959349513053894,"y":-0.4857202470302582,"z":0.112697072327137,"w":0.8444034457206726},"size":3.827526807785034,"orthographic":false}